{
  "profession": "spacecatcustomprofessions:astanzio",
  "removeOtherTrades": true,
  "maxTrades": 2,
  "trades": [
    {
      "request": {
        "itemKey": "minecraft:ender_pearl",
        "amount": 8
      },
      "offer": {
        "itemKey": "ultra_vanilla_2:soldo_50",
        "amount": 1
      },
      
      "maxUses": 999999999,
      "tradeLevel": 1,
      "UTID": "spacecatcustomprofessions:pearl_cinanta"
    },

    {
      "request": {
        "itemKey": "minecraft:quartz",
        "amount": 32
      },
      "offer": {
        "itemKey": "ultra_vanilla_2:soldo_50",
        "amount": 1
      },
      
      "maxUses": 999999999,
      "tradeLevel": 1,
      "UTID": "spacecatcustomprofessions:quartz_cinanta"
    }
  ]
}