{"block.bell.use":{"sounds":[{"name":"bell","volume":1}],"replace":true},"item.spyglass.use":{"sounds":[{"name":"item\/spyglass\/funny","volume":0.5}],"replace":true},"entity.enderman.ambient":{"sounds":[{"name":"mob\/endermen\/idle1","volume":0.05},{"name":"mob\/endermen\/idle2","volume":0.05},{"name":"mob\/endermen\/idle3","volume":0.05},{"name":"mob\/endermen\/idle4","volume":0.05},{"name":"mob\/endermen\/idle5","volume":0.05}],"replace":true,"subtitle":"subtitles.entity.enderman.ambient"},"entity.enderman.death":{"sounds":[{"name":"mob\/endermen\/death","volume":0.05}],"replace":true,"subtitle":"subtitles.entity.enderman.death"},"entity.enderman.hurt":{"sounds":[{"name":"mob\/endermen\/hit1","volume":0.05},{"name":"mob\/endermen\/hit2","volume":0.05},{"name":"mob\/endermen\/hit3","volume":0.05},{"name":"mob\/endermen\/hit4","volume":0.05}],"replace":true,"subtitle":"subtitles.entity.enderman.hurt"},"entity.enderman.scream":{"sounds":[{"name":"mob\/endermen\/scream1","volume":0.05},{"name":"mob\/endermen\/scream2","volume":0.05},{"name":"mob\/endermen\/scream3","volume":0.05},{"name":"mob\/endermen\/scream4","volume":0.05}],"replace":true,"subtitle":"subtitles.entity.enderman.scream"},"entity.enderman.stare":{"sounds":[{"name":"mob\/endermen\/stare","volume":0.05}],"replace":true,"subtitle":"subtitles.entity.enderman.stare"},"entity.enderman.teleport":{"sounds":[{"name":"mob\/endermen\/portal","volume":0.05},{"name":"mob\/endermen\/portal2","volume":0.05}],"replace":true,"subtitle":"subtitles.entity.enderman.teleport"},"block.portal.ambient":{"sounds":[{"attenuation_distance":10,"name":"portal\/portal","volume":0.05}],"replace":true,"subtitle":"subtitles.block.portal.ambient"},"block.portal.travel":{"sounds":[{"name":"portal\/travel","volume":0.05}],"replace":true},"block.portal.trigger":{"sounds":[{"name":"portal\/trigger","volume":0.05}],"replace":true,"subtitle":"subtitles.block.portal.trigger"},"weather.rain":{"sounds":[{"name":"ambient\/weather\/rain1","volume":0.05},{"name":"ambient\/weather\/rain2","volume":0.05},{"name":"ambient\/weather\/rain3","volume":0.05},{"name":"ambient\/weather\/rain4","volume":0.05},{"name":"ambient\/weather\/rain5","volume":0.05},{"name":"ambient\/weather\/rain6","volume":0.05},{"name":"ambient\/weather\/rain7","volume":0.05},{"name":"ambient\/weather\/rain8","volume":0.05}],"replace":true,"subtitle":"subtitles.weather.rain"},"weather.rain.above":{"sounds":[{"name":"ambient\/weather\/rain1","volume":0.05},{"name":"ambient\/weather\/rain2","volume":0.05},{"name":"ambient\/weather\/rain3","volume":0.05},{"name":"ambient\/weather\/rain4","volume":0.05}],"replace":true,"subtitle":"subtitles.weather.rain"}}