{
  "profession": "spacecatcustomprofessions:astanzio",
  "removeOtherTrades": true,
  "maxTrades": 8,
  "trades": [
    {
      "request": {
        "itemKey": "minecraft:oak_log",
        "amount": 64
      },
      "offer": {
        "itemKey": "ultra_vanilla_2:soldo_5",
        "amount": 1
      },
      
      "maxUses": 999999999,
      "tradeLevel": 1,
      "UTID": "spacecatcustomprofessions:oak_log_a",
      "priceMultiplier": 0
    },
    {
      "request": {
        "itemKey": "minecraft:wheat",
        "amount": 64
      },
      "offer": {
        "itemKey": "ultra_vanilla_2:soldo_1",
        "amount": 7
      },

      "maxUses": 999999999,
      "tradeLevel": 1,
      "UTID": "spacecatcustomprofessions:wheat_a",
      "priceMultiplier": 0
    },
    {
      "request": {
        "itemKey": "minecraft:stone",
        "amount": 64
      },
      "offer": {
        "itemKey": "ultra_vanilla_2:soldo_5",
        "amount": 3
      },

      "maxUses": 999999999,
      "tradeLevel": 1,
      "UTID": "spacecatcustomprofessions:stone_a",
      "priceMultiplier": 0
    },
    {
      "request": {
        "itemKey": "minecraft:diamond",
        "amount": 10
      },
      "offer": {
        "itemKey": "ultra_vanilla_2:soldi_100",
        "amount": 2
      },

      "maxUses": 999999999,
      "tradeLevel": 1,
      "UTID": "spacecatcustomprofessions:diamond_a",
      "priceMultiplier": 0
    },
    {
      "request": {
        "itemKey": "minecraft:iron_ingot",
        "amount": 24
      },
      "offer": {
        "itemKey": "ultra_vanilla_2:soldo_10",
        "amount": 3
      },

      "maxUses": 999999999,
      "tradeLevel": 1,
      "UTID": "spacecatcustomprofessions:iron_ingot_a",
      "priceMultiplier": 0
    },
    {
      "request": {
        "itemKey": "minecraft:dirt",
        "amount": 64
      },
      "offer": 
      {
        "itemKey": "ultra_vanilla_2:soldo_1",
        "amount": 1
      },

      "maxUses": 999999999,
      "tradeLevel": 1,
      "UTID": "spacecatcustomprofessions:dirt_a",
      "priceMultiplier": 0
    },
    {
      "request": {
        "itemKey": "create:precision_mechanism",
        "amount": 1
      },
      "offer": {
        "itemKey": "ultra_vanilla_2:soldo_50",
        "amount": 1
      },

      "maxUses": 999999999,
      "tradeLevel": 1,
      "UTID": "spacecatcustomprofessions:precision_mechanism_a",
      "priceMultiplier": 0
    },
    {
      "request": {
        "itemKey": "minecraft:bamboo",
        "amount": 64
      },
      "offer": {
        "itemKey": "ultra_vanilla_2:soldo_1",
        "amount": 6
      },

      "maxUses": 999999999,
      "tradeLevel": 1,
      "UTID": "spacecatcustomprofessions:bamboo_a",
      "priceMultiplier": 0
    }
  ]
}