{
  "profession": "spacecatcustomprofessions:oronzo",
  "removeOtherTrades": true,
  "maxTrades": 5,
  "trades": [
    {
      "request": {
        "itemKey": "ultra_vanilla_2:soldo_1",
        "amount": 10
      },
      "offer": {
        "itemKey": "minecraft:quartz",
        "amount": 16
      },
      
      "maxUses": 999999999,
      "tradeLevel": 1,
      "UTID": "spacecatcustomprofessions:quartz_o",
      "priceMultiplier": 0
    },
    {
      "request": {
        "itemKey": "ultra_vanilla_2:soldo_1",
        "amount": 25
      },
      "offer": {
        "itemKey": "minecraft:ender_pearl",
        "amount": 2
      },
      
      "maxUses": 999999999,
      "tradeLevel": 1,
      "UTID": "spacecatcustomprofessions:ender_pearl_o",
      "priceMultiplier": 0
    },
    {
      "request": {
        "itemKey": "ultra_vanilla_2:soldo_1",
        "amount": 7
      },
      "offer": {
        "itemKey": "minecraft:crimson_stem",
        "amount": 64
      },
      
      "maxUses": 999999999,
      "tradeLevel": 1,
      "UTID": "spacecatcustomprofessions:crimson_stem_o",
      "priceMultiplier": 0
    },
    {
      "request": {
        "itemKey": "ultra_vanilla_2:soldo_1",
        "amount": 7
      },
      "offer": {
        "itemKey": "minecraft:warped_stem",
        "amount": 64
      },
      
      "maxUses": 999999999,
      "tradeLevel": 1,
      "UTID": "spacecatcustomprofessions:warped_stem_o",
      "priceMultiplier": 0
    },
    {
      "request": {
        "itemKey": "ultra_vanilla_2:soldo_10",
        "amount": 2
      },
      "offer": {
        "itemKey": "minecraft:blackstone",
        "amount": 64
      },
      
      "maxUses": 999999999,
      "tradeLevel": 1,
      "UTID": "spacecatcustomprofessions:blackstone_o",
      "priceMultiplier": 0
    }
  ]
}